00001,John Doe,2468,10000,09/09/2021,31/12/2022,false
00002,Mary Magdalene,1234,10000,09/09/2021,31/12/2023,false
00003,Jack Sparrow,9876,1607,09/09/2021,31/12/2024,false
00004,Lana Rhoades,6969,543,09/09/2021,31/12/2025,true
00005,Denzel Washington,0192,1345,09/09/2021,31/12/2026,false
00006,Alexander Marrapesse,0110,47567,09/09/2021,31/12/2027,false
00007,Matthew Karko,2017,1000000,09/09/2021,31/12/2028,false
00008,Raymond Tan,2412,3546456,09/09/2021,31/12/2029,false
00009,William Quwu,2201,10100,09/09/2021,31/12/2030,false
00010,Imran Issa,2022,599993,09/09/2021,31/12/2031,false
00011,John Stavrakakis,2917,53662,20/11/2017,17/02/2917,false
99999,Admin Steve,9999,0000,20/11/1801,17/02/5000,false